{
    "foreground_intensity_properties_per_channel": {
        "0": {
            "max": 764.9853515625,
            "mean": 352.098388671875,
            "median": 380.9968566894531,
            "min": 0.0,
            "percentile_00_5": 0.0,
            "percentile_99_5": 707.864990234375,
            "std": 158.15879821777344
        }
    },
    "median_relative_size_after_cropping": 1.0,
    "shapes_after_crop": [
        [
            1,
            3008,
            4112
        ],
        [
            1,
            3008,
            4112
        ],
        [
            1,
            3008,
            4112
        ],
        [
            1,
            3008,
            4112
        ],
        [
            1,
            3008,
            4112
        ],
        [
            1,
            3008,
            4112
        ],
        [
            1,
            3008,
            4112
        ],
        [
            1,
            3008,
            4112
        ],
        [
            1,
            3008,
            4112
        ],
        [
            1,
            3008,
            4112
        ],
        [
            1,
            3008,
            4112
        ],
        [
            1,
            3008,
            4112
        ]
    ],
    "spacings": [
        [
            999,
            1,
            1
        ],
        [
            999,
            1,
            1
        ],
        [
            999,
            1,
            1
        ],
        [
            999,
            1,
            1
        ],
        [
            999,
            1,
            1
        ],
        [
            999,
            1,
            1
        ],
        [
            999,
            1,
            1
        ],
        [
            999,
            1,
            1
        ],
        [
            999,
            1,
            1
        ],
        [
            999,
            1,
            1
        ],
        [
            999,
            1,
            1
        ],
        [
            999,
            1,
            1
        ]
    ]
}