{
    "foreground_intensity_properties_per_channel": {
        "0": {
            "max": 807.0,
            "mean": 362.87115478515625,
            "median": 390.0,
            "min": 1.7373046875,
            "percentile_00_5": 21.6875,
            "percentile_99_5": 709.5,
            "std": 156.19692993164062
        }
    },
    "median_relative_size_after_cropping": 1.0,
    "shapes_after_crop": [
        [
            1,
            3008,
            4112
        ],
        [
            1,
            3008,
            4112
        ],
        [
            1,
            3008,
            4112
        ],
        [
            1,
            3008,
            4112
        ],
        [
            1,
            3008,
            4112
        ],
        [
            1,
            3008,
            4112
        ],
        [
            1,
            3008,
            4112
        ],
        [
            1,
            3008,
            4112
        ],
        [
            1,
            3008,
            4112
        ],
        [
            1,
            3008,
            4112
        ],
        [
            1,
            3008,
            4112
        ],
        [
            1,
            3008,
            4112
        ]
    ],
    "spacings": [
        [
            999,
            1,
            1
        ],
        [
            999,
            1,
            1
        ],
        [
            999,
            1,
            1
        ],
        [
            999,
            1,
            1
        ],
        [
            999,
            1,
            1
        ],
        [
            999,
            1,
            1
        ],
        [
            999,
            1,
            1
        ],
        [
            999,
            1,
            1
        ],
        [
            999,
            1,
            1
        ],
        [
            999,
            1,
            1
        ],
        [
            999,
            1,
            1
        ],
        [
            999,
            1,
            1
        ]
    ]
}